{
  "basic_stats": {
    "total_words": 308,
    "total_sentences": 6,
    "avg_sentence_length": 51.333333333333336,
    "avg_word_length": 5.297029702970297,
    "lexical_diversity": 0.6168831168831169
  },
  "pos_distribution": {
    "PROPN": 0.07142857142857142,
    "NOUN": 0.6883116883116883,
    "NUM": 0.02922077922077922,
    "ADV": 0.022727272727272728,
    "DET": 0.09090909090909091,
    "VERB": 0.08116883116883117,
    "ADJ": 0.016233766233766232
  },
  "lincoln_patterns": {
    "biblical_allusions": 0,
    "legal_terms": 1,
    "metaphors": 3,
    "parallel_structure": 26,
    "repetition": 17,
    "humble_tone": 0,
    "firm_conviction": 2
  },
  "readability": {
    "flesch_reading_ease": 8.022005971769829,
    "flesch_kincaid_grade": 24.851644951140063
  },
  "document_id": "D210920",
  "document_type": "Letter"
}